{
"lengthUnit": "mil",
"remark": [],
"components": {
	"fields": ["COMPONENT_NO", "COMPONENT_NAME", "LAYER", "X_COORDINATE", "Y_COORDINATE", "ANGLE"],
	"rows": [
		[1, "PAD1", "T", 98.4252, -511.811, 0],
		[2, "PAD1", "T", 98.4252, -511.811, 0],
		[3, "PAD2", "T", 925.1969, -511.811, 0],
		[4, "PAD2", "T", 925.1969, -511.811, 0],
		[5, "PAD3", "T", 511.811, -925.1969, 0],
		[6, "PAD3", "T", 511.811, -925.1969, 0],
		[7, "PAD4", "T", 511.811, -98.4252, 0],
		[8, "PAD4", "T", 511.811, -98.4252, 0]
	]
},
"pins": {
	"fields": ["PIN_NO", "PIN_NAME", "PIN_X", "PIN_Y", "LAYER", "PIN_TYPE", "NET_NAME", "NET_TYPE", "PAD_SHAPE", "PAD_SIZEX", "PAD_SIZEY", "HOLE_SIZE", "HOLE_LEN", "PAD_ANGLE"],
	"rows": [
		[1, "PAD1_1", 98.4252, -511.811, "T", "DIP", "GND", "GND", "C", 118.1102, 118.1102, 78.7402, 78.7402, 0],
		[2, "PAD1_1", 98.4252, -511.811, "T", "DIP", "GND", "GND", "C", 118.1102, 118.1102, 78.7402, 78.7402, 0],
		[3, "PAD2_1", 925.1969, -511.811, "T", "DIP", "GND", "GND", "C", 118.1102, 118.1102, 78.7402, 78.7402, 0],
		[4, "PAD2_1", 925.1969, -511.811, "T", "DIP", "GND", "GND", "C", 118.1102, 118.1102, 78.7402, 78.7402, 0],
		[5, "PAD3_1", 511.811, -925.1969, "T", "DIP", "GND", "GND", "C", 118.1102, 118.1102, 78.7402, 78.7402, 90],
		[6, "PAD3_1", 511.811, -925.1969, "T", "DIP", "GND", "GND", "C", 118.1102, 118.1102, 78.7402, 78.7402, 90],
		[7, "PAD4_1", 511.811, -98.4252, "T", "DIP", "GND", "GND", "C", 118.1102, 118.1102, 78.7402, 78.7402, 90],
		[8, "PAD4_1", 511.811, -98.4252, "T", "DIP", "GND", "GND", "C", 118.1102, 118.1102, 78.7402, 78.7402, 90]
	]
}
}