{
"lengthUnit": "mil",
"remark": [],
"components": {
	"fields": ["COMPONENT_NO", "COMPONENT_NAME", "LAYER", "X_COORDINATE", "Y_COORDINATE", "ANGLE"],
	"rows": [
		[1, "ANT1", "B", 666.282, -361.282, 270],
		[2, "C1", "B", 580, -475, 270],
		[3, "C2", "B", 610, -215, 0],
		[4, "C3", "B", 555, -215, 180],
		[5, "C4", "T", 200, -95, 180],
		[6, "C5", "B", 579.5935, -416.4463, 180],
		[7, "C6", "T", 265, -285, 90],
		[8, "C7", "T", 430, -420, 270],
		[9, "C8", "T", 440, -355, 90],
		[10, "C9", "T", 490, -370, 0],
		[11, "C10", "T", 515, -335, 0],
		[12, "C11", "T", 440, -215, 180],
		[13, "C12", "T", 440, -310, 180],
		[14, "C13", "T", 305, -190, 0],
		[15, "C14", "T", 415, -505, 180],
		[16, "C15", "T", 185, -480, 90],
		[17, "H1", "T", 375, -70, 180],
		[18, "L1", "B", 666.282, -471.282, 270],
		[19, "L2", "T", 335, -490, 0],
		[20, "LED1", "T", 580, -35, 0],
		[21, "LED2", "T", 675, -175, 90],
		[22, "R1", "B", 515, -495, 180],
		[23, "R2", "B", 155, -265, 180],
		[24, "R3", "B", 155, -235, 180],
		[25, "R4", "B", 535, -430, 270],
		[26, "R5", "T", 395, -440, 270],
		[27, "R6", "B", 565, -385, 0],
		[28, "R7", "T", 655, -35, 0],
		[29, "R8", "T", 675, -100, 90],
		[30, "R9", "T", 180, -530, 180],
		[31, "R10", "B", 290, -485, 0],
		[32, "R11", "B", 240, -460, 0],
		[33, "SW1", "T", 345, -320, 270],
		[34, "U1", "B", 370, -285, 90],
		[35, "U2", "T", 250, -490, 180],
		[36, "USB1", "T", 125, -275.5906, 270],
		[37, "X1", "B", 586.513, -146.4585, 180],
		[38, "PAD1", "B", 472.365, -419.155, 0],
		[39, "PAD2", "B", 456.615, -419.155, 0],
		[40, "PAD3", "B", 440.865, -419.155, 0],
		[41, "PAD4", "B", 425.125, -419.155, 0],
		[42, "PAD5", "B", 409.375, -419.155, 0],
		[43, "PAD6", "B", 235.845, -308.615, 0],
		[44, "PAD7", "B", 235.845, -229.875, 0],
		[45, "PAD8", "B", 235.845, -214.135, 0],
		[46, "PAD9", "B", 235.845, -198.385, 0],
		[47, "PAD10", "B", 283.385, -150.845, 0],
		[48, "PAD11", "B", 472.365, -150.845, 0],
		[49, "PAD12", "B", 504.155, -214.135, 0],
		[50, "PAD13", "B", 504.155, -261.375, 0],
		[51, "PAD14", "B", 504.155, -277.125, 0],
		[52, "PAD15", "B", 504.155, -308.615, 0],
		[53, "PAD16", "B", 504.155, -324.365, 0],
		[54, "PAD17", "B", 504.155, -340.115, 0],
		[55, "PAD18", "B", 504.155, -355.865, 0],
		[56, "PAD19", "B", 504.155, -371.615, 0],
		[57, "PAD20", "B", 504.155, -387.355, 0],
		[58, "PAD21", "B", 370.005, -284.995, 0],
		[59, "PAD22", "T", 169.765, -137.7956, 0],
		[60, "PAD23", "T", 169.765, -236.2156, 0],
		[61, "PAD24", "T", 169.765, -314.9556, 0],
		[62, "PAD25", "T", 169.765, -413.3856, 0],
		[63, "PAD26", "T", 80.235, -505.9056, 0],
		[64, "PAD26", "T", 80.235, -505.9056, 0],
		[65, "PAD27", "T", 80.235, -45.2756, 0],
		[66, "PAD27", "T", 80.235, -45.2756, 0],
		[67, "PAD28", "B", 666.282, -391.047, 0],
		[68, "PAD29", "B", 580, -491.54, 0],
		[69, "PAD30", "B", 580, -458.46, 0],
		[70, "PAD31", "B", 666.282, -492.742, 0],
		[71, "PAD32", "B", 666.282, -449.822, 0],
		[72, "PAD33", "B", 497.96, -495, 0],
		[73, "PAD34", "B", 532.04, -495, 0],
		[74, "PAD35", "B", 145.49, -265, 0],
		[75, "PAD36", "B", 164.51, -265, 0],
		[76, "PAD37", "B", 145.49, -235, 0],
		[77, "PAD38", "B", 164.51, -235, 0],
		[78, "PAD39", "B", 620.8, -215, 0],
		[79, "PAD40", "B", 599.2, -215, 0],
		[80, "PAD41", "B", 544.2, -215, 0],
		[81, "PAD42", "B", 565.8, -215, 0],
		[82, "PAD43", "B", 609.513, -130.7135, 0],
		[83, "PAD44", "B", 563.513, -130.7135, 0],
		[84, "PAD45", "B", 563.513, -162.2035, 0],
		[85, "PAD46", "B", 609.513, -162.2035, 0],
		[86, "PAD47", "T", 189.2, -95, 0],
		[87, "PAD48", "T", 210.8, -95, 0],
		[88, "PAD49", "T", 448.82, -70, 0],
		[89, "PAD49", "T", 448.82, -70, 0],
		[90, "PAD50", "T", 399.6, -70, 0],
		[91, "PAD50", "T", 399.6, -70, 0],
		[92, "PAD51", "T", 350.39, -70, 0],
		[93, "PAD51", "T", 350.39, -70, 0],
		[94, "PAD52", "T", 301.18, -70, 0],
		[95, "PAD52", "T", 301.18, -70, 0],
		[96, "PAD53", "B", 568.7935, -416.4463, 0],
		[97, "PAD54", "B", 590.3935, -416.4463, 0],
		[98, "PAD55", "B", 535, -439.51, 0],
		[99, "PAD56", "B", 535, -420.49, 0],
		[100, "PAD57", "T", 395, -449.51, 0],
		[101, "PAD58", "T", 395, -430.49, 0],
		[102, "PAD59", "B", 574.51, -385, 0],
		[103, "PAD60", "B", 555.49, -385, 0],
		[104, "PAD61", "T", 596.73, -35, 0],
		[105, "PAD62", "T", 563.27, -35, 0],
		[106, "PAD63", "T", 675, -158.27, 0],
		[107, "PAD64", "T", 675, -191.73, 0],
		[108, "PAD65", "T", 672.04, -35, 0],
		[109, "PAD66", "T", 637.96, -35, 0],
		[110, "PAD67", "T", 675, -82.96, 0],
		[111, "PAD68", "T", 675, -117.04, 0],
		[112, "PAD69", "T", 345, -406.02, 0],
		[113, "PAD70", "T", 345, -233.98, 0],
		[114, "PAD71", "T", 265, -274.2, 0],
		[115, "PAD72", "T", 265, -295.8, 0],
		[116, "PAD73", "T", 430, -430.8, 0],
		[117, "PAD74", "T", 430, -409.2, 0],
		[118, "PAD75", "T", 440, -344.2, 0],
		[119, "PAD76", "T", 440, -365.8, 0],
		[120, "PAD77", "T", 500.8, -370, 0],
		[121, "PAD78", "T", 479.2, -370, 0],
		[122, "PAD79", "T", 525.8, -335, 0],
		[123, "PAD80", "T", 504.2, -335, 0],
		[124, "PAD81", "T", 429.2, -215, 0],
		[125, "PAD82", "T", 450.8, -215, 0],
		[126, "PAD83", "T", 429.2, -310, 0],
		[127, "PAD84", "T", 450.8, -310, 0],
		[128, "PAD85", "T", 315.8, -190, 0],
		[129, "PAD86", "T", 294.2, -190, 0],
		[130, "PAD87", "T", 398.46, -505, 0],
		[131, "PAD88", "T", 431.54, -505, 0],
		[132, "PAD89", "T", 185, -463.46, 0],
		[133, "PAD90", "T", 185, -496.54, 0],
		[134, "PAD91", "T", 309.409, -490, 0],
		[135, "PAD92", "T", 360.589, -490, 0],
		[136, "PAD93", "T", 170.49, -530, 0],
		[137, "PAD94", "T", 189.51, -530, 0],
		[138, "PAD95", "B", 299.51, -485, 0],
		[139, "PAD96", "B", 280.49, -485, 0],
		[140, "PAD97", "B", 249.51, -460, 0],
		[141, "PAD98", "B", 230.49, -460, 0],
		[142, "PAD99", "T", 269.685, -461.555, 0],
		[143, "PAD100", "T", 250.005, -461.555, 0],
		[144, "PAD101", "T", 230.315, -461.555, 0],
		[145, "PAD102", "T", 230.315, -518.445, 0],
		[146, "PAD103", "T", 250.005, -518.445, 0]
	]
},
"pins": {
	"fields": ["PIN_NO", "PIN_NAME", "PIN_X", "PIN_Y", "LAYER", "PIN_TYPE", "NET_NAME", "NET_TYPE", "PAD_SHAPE", "PAD_SIZEX", "PAD_SIZEY", "HOLE_SIZE", "HOLE_LEN", "PAD_ANGLE"],
	"rows": [
		[1, "ANT1_1", 666.282, -331.517, "B", "SMD", "NET_1", "", "R", 23.622, 45.276, 0, 0, 270],
		[2, "ANT1_2", 666.282, -391.047, "B", "SMD", "$1N8", "", "R", 23.622, 45.276, 0, 0, 270],
		[3, "C1_1", 580, -458.46, "B", "SMD", "GND", "GND", "R", 19.685, 21.26, 0, 0, 270],
		[4, "C1_2", 580, -491.54, "B", "SMD", "$1N9", "", "R", 19.685, 21.26, 0, 0, 270],
		[5, "C2_1", 599.2, -215, "B", "SMD", "ESP32_XI", "", "R", 14.505, 12.756, 0, 0, 0],
		[6, "C2_2", 620.8, -215, "B", "SMD", "GND", "GND", "R", 14.505, 12.756, 0, 0, 0],
		[7, "C3_1", 565.8, -215, "B", "SMD", "ESP32_XO", "", "R", 14.505, 12.756, 0, 0, 180],
		[8, "C3_2", 544.2, -215, "B", "SMD", "GND", "GND", "R", 14.505, 12.756, 0, 0, 180],
		[9, "C4_1", 210.8, -95, "T", "SMD", "+3.3V", "", "R", 14.505, 12.756, 0, 0, 180],
		[10, "C4_2", 189.2, -95, "T", "SMD", "GND", "GND", "R", 14.505, 12.756, 0, 0, 180],
		[11, "C5_1", 590.3935, -416.4463, "B", "SMD", "GND", "GND", "R", 14.505, 12.756, 0, 0, 180],
		[12, "C5_2", 568.7935, -416.4463, "B", "SMD", "ESP32_EN", "", "R", 14.505, 12.756, 0, 0, 180],
		[13, "C6_1", 265, -295.8, "T", "SMD", "+3.3V", "", "R", 14.505, 12.756, 0, 0, 90],
		[14, "C6_2", 265, -274.2, "T", "SMD", "GND", "GND", "R", 14.505, 12.756, 0, 0, 90],
		[15, "C7_1", 430, -409.2, "T", "SMD", "+3.3V", "", "R", 14.505, 12.756, 0, 0, 270],
		[16, "C7_2", 430, -430.8, "T", "SMD", "GND", "GND", "R", 14.505, 12.756, 0, 0, 270],
		[17, "C8_1", 440, -365.8, "T", "SMD", "+3.3V", "", "R", 14.505, 12.756, 0, 0, 90],
		[18, "C8_2", 440, -344.2, "T", "SMD", "GND", "GND", "R", 14.505, 12.756, 0, 0, 90],
		[19, "C9_1", 479.2, -370, "T", "SMD", "+3.3V", "", "R", 14.505, 12.756, 0, 0, 0],
		[20, "C9_2", 500.8, -370, "T", "SMD", "GND", "GND", "R", 14.505, 12.756, 0, 0, 0],
		[21, "C10_1", 504.2, -335, "T", "SMD", "+3.3V", "", "R", 14.505, 12.756, 0, 0, 0],
		[22, "C10_2", 525.8, -335, "T", "SMD", "GND", "GND", "R", 14.505, 12.756, 0, 0, 0],
		[23, "C11_1", 450.8, -215, "T", "SMD", "+3.3V", "", "R", 14.505, 12.756, 0, 0, 180],
		[24, "C11_2", 429.2, -215, "T", "SMD", "GND", "GND", "R", 14.505, 12.756, 0, 0, 180],
		[25, "C12_1", 450.8, -310, "T", "SMD", "+3.3V", "", "R", 14.505, 12.756, 0, 0, 180],
		[26, "C12_2", 429.2, -310, "T", "SMD", "GND", "GND", "R", 14.505, 12.756, 0, 0, 180],
		[27, "C13_1", 294.2, -190, "T", "SMD", "+3.3V", "", "R", 14.505, 12.756, 0, 0, 0],
		[28, "C13_2", 315.8, -190, "T", "SMD", "GND", "GND", "R", 14.505, 12.756, 0, 0, 0],
		[29, "C14_1", 431.54, -505, "T", "SMD", "GND", "GND", "R", 19.685, 21.26, 0, 0, 180],
		[30, "C14_2", 398.46, -505, "T", "SMD", "+3.3V", "", "R", 19.685, 21.26, 0, 0, 180],
		[31, "C15_1", 185, -496.54, "T", "SMD", "GND", "GND", "R", 19.685, 21.26, 0, 0, 90],
		[32, "C15_2", 185, -463.46, "T", "SMD", "+5V", "", "R", 19.685, 21.26, 0, 0, 90],
		[33, "H1_1", 301.18, -70, "T", "DIP", "NET_2", "", "R", 35.433, 59.055, 27.56, 27.56, 180],
		[34, "H1_1", 301.18, -70, "T", "DIP", "NET_2", "", "R", 35.433, 59.055, 27.56, 27.56, 180],
		[35, "H1_2", 350.39, -70, "T", "DIP", "ESP32_EN", "", "R", 35.433, 59.055, 27.56, 27.56, 180],
		[36, "H1_2", 350.39, -70, "T", "DIP", "ESP32_EN", "", "R", 35.433, 59.055, 27.56, 27.56, 180],
		[37, "H1_3", 399.6, -70, "T", "DIP", "RX", "", "R", 35.433, 59.055, 27.56, 27.56, 180],
		[38, "H1_3", 399.6, -70, "T", "DIP", "RX", "", "R", 35.433, 59.055, 27.56, 27.56, 180],
		[39, "H1_4", 448.82, -70, "T", "DIP", "TX", "", "R", 35.433, 59.055, 27.56, 27.56, 180],
		[40, "H1_4", 448.82, -70, "T", "DIP", "TX", "", "R", 35.433, 59.055, 27.56, 27.56, 180],
		[41, "L1_1", 666.282, -449.822, "B", "SMD", "$1N8", "", "R", 31.106, 21.26, 0, 0, 270],
		[42, "L1_2", 666.282, -492.742, "B", "SMD", "$1N9", "", "R", 31.106, 21.26, 0, 0, 270],
		[43, "L2_1", 309.409, -490, "T", "SMD", "SW", "", "R", 31.496, 51.181, 0, 0, 0],
		[44, "L2_2", 360.589, -490, "T", "SMD", "+3.3V", "", "R", 31.496, 51.181, 0, 0, 0],
		[45, "LED1_1", 563.27, -35, "T", "SMD", "CONN", "", "R", 19.685, 21.26, 0, 0, 0],
		[46, "LED1_2", 596.73, -35, "T", "SMD", "$1N55", "", "R", 19.685, 21.26, 0, 0, 0],
		[47, "LED2_1", 675, -191.73, "T", "SMD", "GND", "GND", "R", 19.685, 21.26, 0, 0, 90],
		[48, "LED2_2", 675, -158.27, "T", "SMD", "$1N60", "", "R", 19.685, 21.26, 0, 0, 90],
		[49, "R1_1", 532.04, -495, "B", "SMD", "$1N9", "", "R", 22.27, 21.26, 0, 0, 180],
		[50, "R1_2", 497.96, -495, "B", "SMD", "LNA_IN", "", "R", 22.27, 21.26, 0, 0, 180],
		[51, "R2_1", 164.51, -265, "B", "SMD", "D-", "", "R", 11.934, 12.756, 0, 0, 180],
		[52, "R2_2", 145.49, -265, "B", "SMD", "D_R-", "", "R", 11.934, 12.756, 0, 0, 180],
		[53, "R3_1", 164.51, -235, "B", "SMD", "D+", "", "R", 11.934, 12.756, 0, 0, 180],
		[54, "R3_2", 145.49, -235, "B", "SMD", "D_R+", "", "R", 11.934, 12.756, 0, 0, 180],
		[55, "R4_1", 535, -420.49, "B", "SMD", "ESP32_EN", "", "R", 11.934, 12.756, 0, 0, 270],
		[56, "R4_2", 535, -439.51, "B", "SMD", "+3.3V", "", "R", 11.934, 12.756, 0, 0, 270],
		[57, "R5_1", 395, -430.49, "T", "SMD", "NET_2", "", "R", 11.934, 12.756, 0, 0, 270],
		[58, "R5_2", 395, -449.51, "T", "SMD", "+3.3V", "", "R", 11.934, 12.756, 0, 0, 270],
		[59, "R6_1", 555.49, -385, "B", "SMD", "$1N50", "", "R", 11.934, 12.756, 0, 0, 0],
		[60, "R6_2", 574.51, -385, "B", "SMD", "GND", "GND", "R", 11.934, 12.756, 0, 0, 0],
		[61, "R7_1", 637.96, -35, "T", "SMD", "$1N55", "", "R", 22.27, 21.26, 0, 0, 0],
		[62, "R7_2", 672.04, -35, "T", "SMD", "+3.3V", "", "R", 22.27, 21.26, 0, 0, 0],
		[63, "R8_1", 675, -117.04, "T", "SMD", "$1N60", "", "R", 22.27, 21.26, 0, 0, 90],
		[64, "R8_2", 675, -82.96, "T", "SMD", "+3.3V", "", "R", 22.27, 21.26, 0, 0, 90],
		[65, "R9_1", 189.51, -530, "T", "SMD", "$1N70", "", "R", 11.934, 12.756, 0, 0, 180],
		[66, "R9_2", 170.49, -530, "T", "SMD", "+5V", "", "R", 11.934, 12.756, 0, 0, 180],
		[67, "R10_1", 280.49, -485, "B", "SMD", "FB", "", "R", 11.934, 12.756, 0, 0, 0],
		[68, "R10_2", 299.51, -485, "B", "SMD", "+3.3V", "", "R", 11.934, 12.756, 0, 0, 0],
		[69, "R11_1", 230.49, -460, "B", "SMD", "GND", "GND", "R", 11.934, 12.756, 0, 0, 0],
		[70, "R11_2", 249.51, -460, "B", "SMD", "FB", "", "R", 11.934, 12.756, 0, 0, 0],
		[71, "SW1_1", 345, -233.98, "T", "SMD", "GND", "GND", "R", 48.425, 59.055, 0, 0, 270],
		[72, "SW1_2", 345, -406.02, "T", "SMD", "NET_2", "", "R", 48.425, 59.055, 0, 0, 270],
		[73, "U1_1", 472.365, -419.155, "B", "SMD", "+3.3V", "", "R", 26.181, 7.874, 0, 0, 90],
		[74, "U1_2", 456.615, -419.155, "B", "SMD", "LNA_IN", "", "R", 26.181, 7.874, 0, 0, 90],
		[75, "U1_3", 440.865, -419.155, "B", "SMD", "+3.3V", "", "R", 26.181, 7.874, 0, 0, 90],
		[76, "U1_4", 425.125, -419.155, "B", "SMD", "+3.3V", "", "R", 26.181, 7.874, 0, 0, 90],
		[77, "U1_5", 409.375, -419.155, "B", "SMD", "NET_2", "", "R", 26.181, 7.874, 0, 0, 90],
		[78, "U1_6", 393.625, -419.155, "B", "SMD", "NET_3", "", "R", 26.181, 7.874, 0, 0, 90],
		[79, "U1_7", 377.875, -419.155, "B", "SMD", "NET_4", "", "R", 26.181, 7.874, 0, 0, 90],
		[80, "U1_8", 362.125, -419.155, "B", "SMD", "NET_5", "", "R", 26.181, 7.874, 0, 0, 90],
		[81, "U1_9", 346.385, -419.155, "B", "SMD", "NET_6", "", "R", 26.181, 7.874, 0, 0, 90],
		[82, "U1_10", 330.635, -419.155, "B", "SMD", "NET_7", "", "R", 26.181, 7.874, 0, 0, 90],
		[83, "U1_11", 314.885, -419.155, "B", "SMD", "NET_8", "", "R", 26.181, 7.874, 0, 0, 90],
		[84, "U1_12", 299.135, -419.155, "B", "SMD", "NET_9", "", "R", 26.181, 7.874, 0, 0, 90],
		[85, "U1_13", 283.385, -419.155, "B", "SMD", "NET_10", "", "R", 26.181, 7.874, 0, 0, 90],
		[86, "U1_14", 267.645, -419.155, "B", "SMD", "NET_11", "", "R", 26.181, 7.874, 0, 0, 90],
		[87, "U1_15", 235.845, -387.355, "B", "SMD", "NET_12", "", "R", 7.874, 26.181, 0, 0, 90],
		[88, "U1_16", 235.845, -371.615, "B", "SMD", "NET_13", "", "R", 7.874, 26.181, 0, 0, 90],
		[89, "U1_17", 235.845, -355.865, "B", "SMD", "NET_14", "", "R", 7.874, 26.181, 0, 0, 90],
		[90, "U1_18", 235.845, -340.115, "B", "SMD", "NET_15", "", "R", 7.874, 26.181, 0, 0, 90],
		[91, "U1_19", 235.845, -324.365, "B", "SMD", "NET_16", "", "R", 7.874, 26.181, 0, 0, 90],
		[92, "U1_20", 235.845, -308.615, "B", "SMD", "+3.3V", "", "R", 7.874, 26.181, 0, 0, 90],
		[93, "U1_21", 235.845, -292.875, "B", "SMD", "NET_17", "", "R", 7.874, 26.181, 0, 0, 90],
		[94, "U1_22", 235.845, -277.125, "B", "SMD", "NET_18", "", "R", 7.874, 26.181, 0, 0, 90],
		[95, "U1_23", 235.845, -261.375, "B", "SMD", "NET_19", "", "R", 7.874, 26.181, 0, 0, 90],
		[96, "U1_24", 235.845, -245.625, "B", "SMD", "NET_20", "", "R", 7.874, 26.181, 0, 0, 90],
		[97, "U1_25", 235.845, -229.875, "B", "SMD", "D-", "", "R", 7.874, 26.181, 0, 0, 90],
		[98, "U1_26", 235.845, -214.135, "B", "SMD", "D+", "", "R", 7.874, 26.181, 0, 0, 90],
		[99, "U1_27", 235.845, -198.385, "B", "SMD", "+3.3V", "", "R", 7.874, 26.181, 0, 0, 90],
		[100, "U1_28", 235.845, -182.635, "B", "SMD", "NET_21", "", "R", 7.874, 26.181, 0, 0, 90],
		[101, "U1_29", 267.645, -150.845, "B", "SMD", "NET_22", "", "R", 26.181, 7.874, 0, 0, 90],
		[102, "U1_30", 283.385, -150.845, "B", "SMD", "+3.3V", "", "R", 26.181, 7.874, 0, 0, 90],
		[103, "U1_31", 299.135, -150.845, "B", "SMD", "NET_23", "", "R", 26.181, 7.874, 0, 0, 90],
		[104, "U1_32", 314.885, -150.845, "B", "SMD", "NET_24", "", "R", 26.181, 7.874, 0, 0, 90],
		[105, "U1_33", 330.635, -150.845, "B", "SMD", "NET_25", "", "R", 26.181, 7.874, 0, 0, 90],
		[106, "U1_34", 346.385, -150.845, "B", "SMD", "NET_26", "", "R", 26.181, 7.874, 0, 0, 90],
		[107, "U1_35", 362.125, -150.845, "B", "SMD", "NET_27", "", "R", 26.181, 7.874, 0, 0, 90],
		[108, "U1_36", 377.875, -150.845, "B", "SMD", "NET_28", "", "R", 26.181, 7.874, 0, 0, 90],
		[109, "U1_37", 393.625, -150.845, "B", "SMD", "NET_29", "", "R", 26.181, 7.874, 0, 0, 90],
		[110, "U1_38", 409.375, -150.845, "B", "SMD", "NET_30", "", "R", 26.181, 7.874, 0, 0, 90],
		[111, "U1_39", 425.125, -150.845, "B", "SMD", "NET_31", "", "R", 26.181, 7.874, 0, 0, 90],
		[112, "U1_40", 440.865, -150.845, "B", "SMD", "NET_32", "", "R", 26.181, 7.874, 0, 0, 90],
		[113, "U1_41", 456.615, -150.845, "B", "SMD", "NET_33", "", "R", 26.181, 7.874, 0, 0, 90],
		[114, "U1_42", 472.365, -150.845, "B", "SMD", "CONN", "", "R", 26.181, 7.874, 0, 0, 90],
		[115, "U1_43", 504.155, -182.635, "B", "SMD", "NET_34", "", "R", 7.874, 26.181, 0, 0, 90],
		[116, "U1_44", 504.155, -198.385, "B", "SMD", "NET_35", "", "R", 7.874, 26.181, 0, 0, 90],
		[117, "U1_45", 504.155, -214.135, "B", "SMD", "+3.3V", "", "R", 7.874, 26.181, 0, 0, 90],
		[118, "U1_46", 504.155, -229.875, "B", "SMD", "NET_36", "", "R", 7.874, 26.181, 0, 0, 90],
		[119, "U1_47", 504.155, -245.625, "B", "SMD", "NET_37", "", "R", 7.874, 26.181, 0, 0, 90],
		[120, "U1_48", 504.155, -261.375, "B", "SMD", "TX", "", "R", 7.874, 26.181, 0, 0, 90],
		[121, "U1_49", 504.155, -277.125, "B", "SMD", "RX", "", "R", 7.874, 26.181, 0, 0, 90],
		[122, "U1_50", 504.155, -292.875, "B", "SMD", "NET_38", "", "R", 7.874, 26.181, 0, 0, 90],
		[123, "U1_51", 504.155, -308.615, "B", "SMD", "+3.3V", "", "R", 7.874, 26.181, 0, 0, 90],
		[124, "U1_52", 504.155, -324.365, "B", "SMD", "ESP32_XO", "", "R", 7.874, 26.181, 0, 0, 90],
		[125, "U1_53", 504.155, -340.115, "B", "SMD", "ESP32_XI", "", "R", 7.874, 26.181, 0, 0, 90],
		[126, "U1_54", 504.155, -355.865, "B", "SMD", "+3.3V", "", "R", 7.874, 26.181, 0, 0, 90],
		[127, "U1_55", 504.155, -371.615, "B", "SMD", "$1N50", "", "R", 7.874, 26.181, 0, 0, 90],
		[128, "U1_56", 504.155, -387.355, "B", "SMD", "ESP32_EN", "", "R", 7.874, 26.181, 0, 0, 90],
		[129, "U1_57", 370.005, -284.995, "B", "SMD", "GND", "GND", "R", 157.4803, 157.4803, 0, 0, 90],
		[130, "U2_1", 269.685, -461.555, "T", "SMD", "GND", "GND", "R", 11.024, 21.457, 0, 0, 180],
		[131, "U2_2", 250.005, -461.555, "T", "SMD", "SW", "", "R", 11.024, 21.457, 0, 0, 180],
		[132, "U2_3", 230.315, -461.555, "T", "SMD", "+5V", "", "R", 11.024, 21.457, 0, 0, 180],
		[133, "U2_4", 230.315, -518.445, "T", "SMD", "$1N70", "", "R", 11.024, 21.457, 0, 0, 180],
		[134, "U2_5", 250.005, -518.445, "T", "SMD", "FB", "", "R", 11.024, 21.457, 0, 0, 180],
		[135, "U2_6", 269.685, -518.445, "T", "SMD", "NET_39", "", "R", 11.024, 21.457, 0, 0, 180],
		[136, "USB1_1", 169.765, -413.3856, "T", "SMD", "+5V", "", "R", 39.37, 98.425, 0, 0, 270],
		[137, "USB1_2", 169.765, -314.9556, "T", "SMD", "D_R-", "", "R", 39.37, 98.425, 0, 0, 270],
		[138, "USB1_3", 169.765, -236.2156, "T", "SMD", "D_R+", "", "R", 39.37, 98.425, 0, 0, 270],
		[139, "USB1_4", 169.765, -137.7956, "T", "SMD", "GND", "GND", "R", 39.37, 98.425, 0, 0, 270],
		[140, "USB1_5", 80.235, -45.2756, "T", "DIP", "GND", "GND", "O", 59.055, 129.921, 35.434, 98.425, 270],
		[141, "USB1_5", 80.235, -45.2756, "T", "DIP", "GND", "GND", "O", 59.055, 129.921, 35.434, 98.425, 270],
		[142, "USB1_6", 80.235, -505.9056, "T", "DIP", "GND", "GND", "O", 59.055, 129.921, 35.434, 98.425, 270],
		[143, "USB1_6", 80.235, -505.9056, "T", "DIP", "GND", "GND", "O", 59.055, 129.921, 35.434, 98.425, 270],
		[144, "X1_1", 609.513, -162.2035, "B", "SMD", "ESP32_XI", "", "R", 25.5906, 23.622, 0, 0, 180],
		[145, "X1_2", 563.513, -162.2035, "B", "SMD", "GND", "GND", "R", 25.5906, 23.622, 0, 0, 180],
		[146, "X1_3", 563.513, -130.7135, "B", "SMD", "ESP32_XO", "", "R", 25.5906, 23.622, 0, 0, 180],
		[147, "X1_4", 609.513, -130.7135, "B", "SMD", "GND", "GND", "R", 25.5906, 23.622, 0, 0, 180],
		[148, "PAD1_1", 472.365, -419.155, "B", "SMD", "+3.3V", "", "R", 26.181, 7.874, 0, 0, 90],
		[149, "PAD2_2", 456.615, -419.155, "B", "SMD", "LNA_IN", "", "R", 26.181, 7.874, 0, 0, 90],
		[150, "PAD3_3", 440.865, -419.155, "B", "SMD", "+3.3V", "", "R", 26.181, 7.874, 0, 0, 90],
		[151, "PAD4_4", 425.125, -419.155, "B", "SMD", "+3.3V", "", "R", 26.181, 7.874, 0, 0, 90],
		[152, "PAD5_5", 409.375, -419.155, "B", "SMD", "NET_2", "", "R", 26.181, 7.874, 0, 0, 90],
		[153, "PAD6_20", 235.845, -308.615, "B", "SMD", "+3.3V", "", "R", 7.874, 26.181, 0, 0, 90],
		[154, "PAD7_25", 235.845, -229.875, "B", "SMD", "D-", "", "R", 7.874, 26.181, 0, 0, 90],
		[155, "PAD8_26", 235.845, -214.135, "B", "SMD", "D+", "", "R", 7.874, 26.181, 0, 0, 90],
		[156, "PAD9_27", 235.845, -198.385, "B", "SMD", "+3.3V", "", "R", 7.874, 26.181, 0, 0, 90],
		[157, "PAD10_30", 283.385, -150.845, "B", "SMD", "+3.3V", "", "R", 26.181, 7.874, 0, 0, 90],
		[158, "PAD11_42", 472.365, -150.845, "B", "SMD", "CONN", "", "R", 26.181, 7.874, 0, 0, 90],
		[159, "PAD12_45", 504.155, -214.135, "B", "SMD", "+3.3V", "", "R", 7.874, 26.181, 0, 0, 90],
		[160, "PAD13_48", 504.155, -261.375, "B", "SMD", "TX", "", "R", 7.874, 26.181, 0, 0, 90],
		[161, "PAD14_49", 504.155, -277.125, "B", "SMD", "RX", "", "R", 7.874, 26.181, 0, 0, 90],
		[162, "PAD15_51", 504.155, -308.615, "B", "SMD", "+3.3V", "", "R", 7.874, 26.181, 0, 0, 90],
		[163, "PAD16_52", 504.155, -324.365, "B", "SMD", "ESP32_XO", "", "R", 7.874, 26.181, 0, 0, 90],
		[164, "PAD17_53", 504.155, -340.115, "B", "SMD", "ESP32_XI", "", "R", 7.874, 26.181, 0, 0, 90],
		[165, "PAD18_54", 504.155, -355.865, "B", "SMD", "+3.3V", "", "R", 7.874, 26.181, 0, 0, 90],
		[166, "PAD19_55", 504.155, -371.615, "B", "SMD", "$1N50", "", "R", 7.874, 26.181, 0, 0, 90],
		[167, "PAD20_56", 504.155, -387.355, "B", "SMD", "ESP32_EN", "", "R", 7.874, 26.181, 0, 0, 90],
		[168, "PAD21_57", 370.005, -284.995, "B", "SMD", "GND", "GND", "R", 157.4803, 157.4803, 0, 0, 90],
		[169, "PAD22_4", 169.765, -137.7956, "T", "SMD", "GND", "GND", "R", 39.37, 98.425, 0, 0, 270],
		[170, "PAD23_3", 169.765, -236.2156, "T", "SMD", "D_R+", "", "R", 39.37, 98.425, 0, 0, 270],
		[171, "PAD24_2", 169.765, -314.9556, "T", "SMD", "D_R-", "", "R", 39.37, 98.425, 0, 0, 270],
		[172, "PAD25_1", 169.765, -413.3856, "T", "SMD", "+5V", "", "R", 39.37, 98.425, 0, 0, 270],
		[173, "PAD26_6", 80.235, -505.9056, "T", "DIP", "GND", "GND", "O", 59.055, 129.921, 35.434, 98.425, 270],
		[174, "PAD26_6", 80.235, -505.9056, "T", "DIP", "GND", "GND", "O", 59.055, 129.921, 35.434, 98.425, 270],
		[175, "PAD27_5", 80.235, -45.2756, "T", "DIP", "GND", "GND", "O", 59.055, 129.921, 35.434, 98.425, 270],
		[176, "PAD27_5", 80.235, -45.2756, "T", "DIP", "GND", "GND", "O", 59.055, 129.921, 35.434, 98.425, 270],
		[177, "PAD28_2", 666.282, -391.047, "B", "SMD", "$1N8", "", "R", 23.622, 45.276, 0, 0, 270],
		[178, "PAD29_2", 580, -491.54, "B", "SMD", "$1N9", "", "R", 19.685, 21.26, 0, 0, 270],
		[179, "PAD30_1", 580, -458.46, "B", "SMD", "GND", "GND", "R", 19.685, 21.26, 0, 0, 270],
		[180, "PAD31_2", 666.282, -492.742, "B", "SMD", "$1N9", "", "R", 31.106, 21.26, 0, 0, 270],
		[181, "PAD32_1", 666.282, -449.822, "B", "SMD", "$1N8", "", "R", 31.106, 21.26, 0, 0, 270],
		[182, "PAD33_2", 497.96, -495, "B", "SMD", "LNA_IN", "", "R", 22.27, 21.26, 0, 0, 180],
		[183, "PAD34_1", 532.04, -495, "B", "SMD", "$1N9", "", "R", 22.27, 21.26, 0, 0, 180],
		[184, "PAD35_2", 145.49, -265, "B", "SMD", "D_R-", "", "R", 11.934, 12.756, 0, 0, 180],
		[185, "PAD36_1", 164.51, -265, "B", "SMD", "D-", "", "R", 11.934, 12.756, 0, 0, 180],
		[186, "PAD37_2", 145.49, -235, "B", "SMD", "D_R+", "", "R", 11.934, 12.756, 0, 0, 180],
		[187, "PAD38_1", 164.51, -235, "B", "SMD", "D+", "", "R", 11.934, 12.756, 0, 0, 180],
		[188, "PAD39_2", 620.8, -215, "B", "SMD", "GND", "GND", "R", 14.505, 12.756, 0, 0, 0],
		[189, "PAD40_1", 599.2, -215, "B", "SMD", "ESP32_XI", "", "R", 14.505, 12.756, 0, 0, 0],
		[190, "PAD41_2", 544.2, -215, "B", "SMD", "GND", "GND", "R", 14.505, 12.756, 0, 0, 180],
		[191, "PAD42_1", 565.8, -215, "B", "SMD", "ESP32_XO", "", "R", 14.505, 12.756, 0, 0, 180],
		[192, "PAD43_4", 609.513, -130.7135, "B", "SMD", "GND", "GND", "R", 25.5906, 23.622, 0, 0, 180],
		[193, "PAD44_3", 563.513, -130.7135, "B", "SMD", "ESP32_XO", "", "R", 25.5906, 23.622, 0, 0, 180],
		[194, "PAD45_2", 563.513, -162.2035, "B", "SMD", "GND", "GND", "R", 25.5906, 23.622, 0, 0, 180],
		[195, "PAD46_1", 609.513, -162.2035, "B", "SMD", "ESP32_XI", "", "R", 25.5906, 23.622, 0, 0, 180],
		[196, "PAD47_2", 189.2, -95, "T", "SMD", "GND", "GND", "R", 14.505, 12.756, 0, 0, 180],
		[197, "PAD48_1", 210.8, -95, "T", "SMD", "+3.3V", "", "R", 14.505, 12.756, 0, 0, 180],
		[198, "PAD49_4", 448.82, -70, "T", "DIP", "TX", "", "R", 35.433, 59.055, 27.56, 27.56, 180],
		[199, "PAD49_4", 448.82, -70, "T", "DIP", "TX", "", "R", 35.433, 59.055, 27.56, 27.56, 180],
		[200, "PAD50_3", 399.6, -70, "T", "DIP", "RX", "", "R", 35.433, 59.055, 27.56, 27.56, 180],
		[201, "PAD50_3", 399.6, -70, "T", "DIP", "RX", "", "R", 35.433, 59.055, 27.56, 27.56, 180],
		[202, "PAD51_2", 350.39, -70, "T", "DIP", "ESP32_EN", "", "R", 35.433, 59.055, 27.56, 27.56, 180],
		[203, "PAD51_2", 350.39, -70, "T", "DIP", "ESP32_EN", "", "R", 35.433, 59.055, 27.56, 27.56, 180],
		[204, "PAD52_1", 301.18, -70, "T", "DIP", "NET_2", "", "R", 35.433, 59.055, 27.56, 27.56, 180],
		[205, "PAD52_1", 301.18, -70, "T", "DIP", "NET_2", "", "R", 35.433, 59.055, 27.56, 27.56, 180],
		[206, "PAD53_2", 568.7935, -416.4463, "B", "SMD", "ESP32_EN", "", "R", 14.505, 12.756, 0, 0, 180],
		[207, "PAD54_1", 590.3935, -416.4463, "B", "SMD", "GND", "GND", "R", 14.505, 12.756, 0, 0, 180],
		[208, "PAD55_2", 535, -439.51, "B", "SMD", "+3.3V", "", "R", 11.934, 12.756, 0, 0, 270],
		[209, "PAD56_1", 535, -420.49, "B", "SMD", "ESP32_EN", "", "R", 11.934, 12.756, 0, 0, 270],
		[210, "PAD57_2", 395, -449.51, "T", "SMD", "+3.3V", "", "R", 11.934, 12.756, 0, 0, 270],
		[211, "PAD58_1", 395, -430.49, "T", "SMD", "NET_2", "", "R", 11.934, 12.756, 0, 0, 270],
		[212, "PAD59_2", 574.51, -385, "B", "SMD", "GND", "GND", "R", 11.934, 12.756, 0, 0, 0],
		[213, "PAD60_1", 555.49, -385, "B", "SMD", "$1N50", "", "R", 11.934, 12.756, 0, 0, 0],
		[214, "PAD61_2", 596.73, -35, "T", "SMD", "$1N55", "", "R", 19.685, 21.26, 0, 0, 0],
		[215, "PAD62_1", 563.27, -35, "T", "SMD", "CONN", "", "R", 19.685, 21.26, 0, 0, 0],
		[216, "PAD63_2", 675, -158.27, "T", "SMD", "$1N60", "", "R", 19.685, 21.26, 0, 0, 90],
		[217, "PAD64_1", 675, -191.73, "T", "SMD", "GND", "GND", "R", 19.685, 21.26, 0, 0, 90],
		[218, "PAD65_2", 672.04, -35, "T", "SMD", "+3.3V", "", "R", 22.27, 21.26, 0, 0, 0],
		[219, "PAD66_1", 637.96, -35, "T", "SMD", "$1N55", "", "R", 22.27, 21.26, 0, 0, 0],
		[220, "PAD67_2", 675, -82.96, "T", "SMD", "+3.3V", "", "R", 22.27, 21.26, 0, 0, 90],
		[221, "PAD68_1", 675, -117.04, "T", "SMD", "$1N60", "", "R", 22.27, 21.26, 0, 0, 90],
		[222, "PAD69_2", 345, -406.02, "T", "SMD", "NET_2", "", "R", 48.425, 59.055, 0, 0, 270],
		[223, "PAD70_1", 345, -233.98, "T", "SMD", "GND", "GND", "R", 48.425, 59.055, 0, 0, 270],
		[224, "PAD71_2", 265, -274.2, "T", "SMD", "GND", "GND", "R", 14.505, 12.756, 0, 0, 90],
		[225, "PAD72_1", 265, -295.8, "T", "SMD", "+3.3V", "", "R", 14.505, 12.756, 0, 0, 90],
		[226, "PAD73_2", 430, -430.8, "T", "SMD", "GND", "GND", "R", 14.505, 12.756, 0, 0, 270],
		[227, "PAD74_1", 430, -409.2, "T", "SMD", "+3.3V", "", "R", 14.505, 12.756, 0, 0, 270],
		[228, "PAD75_2", 440, -344.2, "T", "SMD", "GND", "GND", "R", 14.505, 12.756, 0, 0, 90],
		[229, "PAD76_1", 440, -365.8, "T", "SMD", "+3.3V", "", "R", 14.505, 12.756, 0, 0, 90],
		[230, "PAD77_2", 500.8, -370, "T", "SMD", "GND", "GND", "R", 14.505, 12.756, 0, 0, 0],
		[231, "PAD78_1", 479.2, -370, "T", "SMD", "+3.3V", "", "R", 14.505, 12.756, 0, 0, 0],
		[232, "PAD79_2", 525.8, -335, "T", "SMD", "GND", "GND", "R", 14.505, 12.756, 0, 0, 0],
		[233, "PAD80_1", 504.2, -335, "T", "SMD", "+3.3V", "", "R", 14.505, 12.756, 0, 0, 0],
		[234, "PAD81_2", 429.2, -215, "T", "SMD", "GND", "GND", "R", 14.505, 12.756, 0, 0, 180],
		[235, "PAD82_1", 450.8, -215, "T", "SMD", "+3.3V", "", "R", 14.505, 12.756, 0, 0, 180],
		[236, "PAD83_2", 429.2, -310, "T", "SMD", "GND", "GND", "R", 14.505, 12.756, 0, 0, 180],
		[237, "PAD84_1", 450.8, -310, "T", "SMD", "+3.3V", "", "R", 14.505, 12.756, 0, 0, 180],
		[238, "PAD85_2", 315.8, -190, "T", "SMD", "GND", "GND", "R", 14.505, 12.756, 0, 0, 0],
		[239, "PAD86_1", 294.2, -190, "T", "SMD", "+3.3V", "", "R", 14.505, 12.756, 0, 0, 0],
		[240, "PAD87_2", 398.46, -505, "T", "SMD", "+3.3V", "", "R", 19.685, 21.26, 0, 0, 180],
		[241, "PAD88_1", 431.54, -505, "T", "SMD", "GND", "GND", "R", 19.685, 21.26, 0, 0, 180],
		[242, "PAD89_2", 185, -463.46, "T", "SMD", "+5V", "", "R", 19.685, 21.26, 0, 0, 90],
		[243, "PAD90_1", 185, -496.54, "T", "SMD", "GND", "GND", "R", 19.685, 21.26, 0, 0, 90],
		[244, "PAD91_1", 309.409, -490, "T", "SMD", "SW", "", "R", 31.496, 51.181, 0, 0, 0],
		[245, "PAD92_2", 360.589, -490, "T", "SMD", "+3.3V", "", "R", 31.496, 51.181, 0, 0, 0],
		[246, "PAD93_2", 170.49, -530, "T", "SMD", "+5V", "", "R", 11.934, 12.756, 0, 0, 180],
		[247, "PAD94_1", 189.51, -530, "T", "SMD", "$1N70", "", "R", 11.934, 12.756, 0, 0, 180],
		[248, "PAD95_2", 299.51, -485, "B", "SMD", "+3.3V", "", "R", 11.934, 12.756, 0, 0, 0],
		[249, "PAD96_1", 280.49, -485, "B", "SMD", "FB", "", "R", 11.934, 12.756, 0, 0, 0],
		[250, "PAD97_2", 249.51, -460, "B", "SMD", "FB", "", "R", 11.934, 12.756, 0, 0, 0],
		[251, "PAD98_1", 230.49, -460, "B", "SMD", "GND", "GND", "R", 11.934, 12.756, 0, 0, 0],
		[252, "PAD99_1", 269.685, -461.555, "T", "SMD", "GND", "GND", "R", 11.024, 21.457, 0, 0, 180],
		[253, "PAD100_2", 250.005, -461.555, "T", "SMD", "SW", "", "R", 11.024, 21.457, 0, 0, 180],
		[254, "PAD101_3", 230.315, -461.555, "T", "SMD", "+5V", "", "R", 11.024, 21.457, 0, 0, 180],
		[255, "PAD102_4", 230.315, -518.445, "T", "SMD", "$1N70", "", "R", 11.024, 21.457, 0, 0, 180],
		[256, "PAD103_5", 250.005, -518.445, "T", "SMD", "FB", "", "R", 11.024, 21.457, 0, 0, 180]
	]
}
}